LotArea,OverallQual,YearRemodAdd,BsmtQual,BsmtFinSF1,TotalBsmtSF,FirststFlrSF,SecondndFlrSF,GrLivArea,GarageCars
8450,7,2003,Gd,706,856,856,854,1710,2
9600,6,1976,Gd,978,1262,1262,0,1262,2
11250,7,2002,Gd,486,920,920,866,1786,2
9550,7,1970,TA,216,756,961,756,1717,3
14260,8,2000,Gd,655,1145,1145,1053,2198,3
14115,5,1995,Gd,732,796,796,566,1362,2
10084,8,2005,Ex,1369,1686,1694,0,1694,2
10382,7,1973,Gd,859,1107,1107,983,2090,2
6120,7,1950,TA,0,952,1022,752,1774,2
7420,5,1950,TA,851,991,1077,0,1077,1
11200,5,1965,TA,906,1040,1040,0,1040,1
11924,9,2006,Ex,998,1175,1182,1142,2324,3
12968,5,1962,TA,737,912,912,0,912,1
10652,7,2007,Gd,0,1494,1494,0,1494,3
10920,6,1960,TA,733,1253,1253,0,1253,1
6120,7,2001,TA,0,832,854,0,854,2
11241,6,1970,TA,578,1004,1004,0,1004,2
10791,4,1967,,0,0,1296,0,1296,2
13695,5,2004,TA,646,1114,1114,0,1114,2
7560,5,1965,TA,504,1029,1339,0,1339,1
14215,8,2006,Ex,0,1158,1158,1218,2376,3
7449,7,1950,TA,0,637,1108,0,1108,1
9742,8,2002,Gd,0,1777,1795,0,1795,2
4224,5,1976,Gd,840,1040,1060,0,1060,2
8246,5,2001,TA,188,1060,1060,0,1060,1
14230,8,2007,Gd,0,1566,1600,0,1600,3
7200,5,2000,TA,234,900,900,0,900,2
11478,8,2008,Ex,1218,1704,1704,0,1704,3
16321,5,1997,TA,1277,1484,1600,0,1600,1
6324,4,1950,TA,0,520,520,0,520,1
8500,4,1950,TA,0,649,649,668,1317,1
8544,5,2006,TA,0,1228,1228,0,1228,1
11049,8,2007,Ex,0,1234,1234,0,1234,2
10552,5,1959,TA,1018,1398,1700,0,1700,2
7313,9,2005,Ex,1153,1561,1561,0,1561,2
13418,8,2005,Ex,0,1117,1132,1320,2452,3
10859,5,1995,Gd,0,1097,1097,0,1097,2
8532,5,1990,TA,1213,1297,1297,0,1297,2
7922,5,2007,TA,731,1057,1057,0,1057,1
6040,4,1955,,0,0,1152,0,1152,0
8658,6,1965,TA,643,1088,1324,0,1324,2
16905,5,1959,TA,967,1350,1328,0,1328,1
9180,5,1983,Gd,747,840,884,0,884,2
9200,5,1980,Gd,280,938,938,0,938,1
7945,5,1959,TA,179,1150,1150,0,1150,1
7658,9,2005,Ex,456,1752,1752,0,1752,2
12822,7,2003,Ex,1351,1434,1518,631,2149,2
11096,8,2006,Gd,24,1656,1656,0,1656,3
4456,4,2008,TA,0,736,736,716,1452,0
7742,5,1966,TA,763,955,955,0,955,1
13869,6,1997,Gd,182,794,794,676,1470,2
6240,6,1950,TA,0,816,816,0,1176,2
8472,5,1963,Gd,104,816,816,0,816,2
50271,9,1987,Ex,1810,1842,1842,0,1842,3
7134,5,1955,TA,384,384,1360,0,1360,2
10175,6,1964,TA,490,1425,1425,0,1425,2
2645,8,2000,Gd,649,970,983,756,1739,2
11645,7,2004,Gd,0,860,860,860,1720,2
13682,10,2006,Ex,0,1410,1426,1519,2945,3
7200,5,1972,TA,632,780,780,0,780,1
13072,6,2004,Gd,941,1158,1158,0,1158,2
7200,5,1996,TA,0,530,581,530,1111,1
6442,8,2006,Gd,24,1370,1370,0,1370,2
10300,7,1950,TA,0,576,902,808,1710,2
9375,7,1998,Gd,739,1057,1057,977,2034,2
9591,8,2005,Ex,0,1143,1143,1330,2473,3
19900,7,1989,Gd,912,1947,2207,0,2207,2
10665,7,2003,Gd,1013,1453,1479,0,1479,2
4608,4,1950,TA,0,747,747,0,747,1
15593,7,1953,TA,603,1304,1304,983,2287,2
13651,7,1973,Gd,1880,2223,2223,0,2223,2
7599,4,2006,TA,565,845,845,0,845,2
10141,7,1998,Gd,0,832,885,833,1718,2
10200,5,2003,TA,320,1086,1086,0,1086,2
5790,3,1950,Fa,0,840,840,765,1605,1
1596,4,1973,Gd,462,462,526,462,988,1
8475,4,1956,TA,228,952,952,0,952,1
8635,5,2001,TA,336,672,1072,213,1285,1
10778,4,1968,TA,0,1768,1768,0,1768,0
10440,5,1981,TA,0,440,682,548,1230,2
13000,6,1968,Gd,448,896,1182,960,2142,1
4500,6,1998,Ex,1201,1237,1337,0,1337,2
10206,8,2007,Gd,33,1563,1563,0,1563,3
8892,5,1960,TA,0,1065,1065,0,1065,2
8530,7,1996,Gd,0,384,804,670,1474,2
16059,8,1992,Gd,0,1288,1301,1116,2417,2
11911,6,2005,Gd,0,684,684,876,1560,2
3951,6,2009,Gd,0,612,612,612,1224,2
8470,3,1982,TA,0,1013,1013,0,1526,0
8070,4,1995,Gd,588,990,990,0,990,0
7200,4,1950,,0,0,1040,0,1040,2
8500,5,1961,TA,600,1235,1235,0,1235,2
13360,5,2006,Gd,713,876,964,0,964,2
7200,6,1998,TA,1046,1214,1260,1031,2291,2
9337,6,1997,Gd,648,824,905,881,1786,2
9765,6,1993,Gd,310,680,680,790,1470,2
10264,7,1999,Gd,1162,1588,1588,0,1588,2
10921,4,1965,TA,520,960,960,0,960,1
10625,5,1950,TA,108,458,835,0,835,1
9320,4,1959,TA,569,950,1225,0,1225,0
10603,6,2001,TA,1200,1610,1610,0,1610,2
9206,6,1985,Gd,0,741,977,755,1732,2
7018,5,1979,,0,0,1535,0,1535,2
10402,7,2009,Gd,0,1226,1226,0,1226,3
7758,7,1950,TA,224,1040,1226,592,1818,1
9375,8,2004,Ex,0,1053,1053,939,1992,2
10800,4,1995,Fa,0,641,1047,0,1047,1
6000,5,1950,TA,104,789,789,0,789,1
8500,5,2005,TA,0,793,997,520,1517,0
11751,6,1977,Gd,705,1844,1844,0,1844,2
9525,6,1972,TA,444,994,1216,639,1855,1
7750,7,2000,Gd,250,384,774,656,1430,2
9965,7,2007,Ex,984,1264,1282,1414,2696,3
21000,6,1953,Gd,35,1809,2259,0,2259,2
7259,6,2002,TA,774,1028,1436,884,2320,1
3230,6,1999,Gd,419,729,729,729,1458,2
11616,5,1962,TA,170,1092,1092,0,1092,1
8536,5,2007,Gd,0,1125,1125,0,1125,2
12376,7,1990,Gd,1470,1673,1699,1523,3222,3
8461,6,2006,Gd,0,728,728,728,1456,2
21453,6,1969,TA,938,938,988,0,988,2
6060,4,1950,TA,0,732,772,351,1123,1
9464,6,1958,TA,570,1080,1080,0,1080,1
7892,6,1993,Gd,300,1199,1199,0,1199,2
17043,6,1998,Gd,0,1362,1586,0,1586,2
6780,6,1982,TA,490,520,520,0,754,0
4928,6,1976,Gd,120,1078,958,0,958,2
4388,5,1950,TA,116,672,840,0,840,0
7590,6,1966,TA,512,660,660,688,1348,2
8973,5,1991,TA,567,1008,1053,0,1053,2
14200,7,1966,TA,445,924,1216,941,2157,2
12224,6,2000,Gd,695,992,1022,1032,2054,2
7388,5,2002,TA,405,1063,1327,0,1327,2
6853,8,2002,Ex,1005,1267,1296,0,1296,2
10335,5,1993,TA,570,1461,1721,0,1721,2
10400,7,1970,TA,0,1304,1682,0,1682,2
10355,5,1967,TA,695,1214,1214,0,1214,1
11070,7,1989,TA,0,1907,1959,0,1959,3
9066,8,2000,Gd,668,1004,1004,848,1852,3
15426,6,1997,Gd,821,928,928,836,1764,2
10500,4,1971,TA,432,864,864,0,864,0
11645,7,2005,Gd,1300,1734,1734,0,1734,2
8520,5,1952,TA,507,910,910,475,1385,2
10335,7,1999,Gd,679,1490,1501,0,1501,2
9100,5,1963,TA,1332,1728,1728,0,1728,2
2522,6,2006,Gd,0,970,970,739,1709,2
6120,5,1993,TA,209,715,875,0,875,1
9505,7,2001,Gd,0,884,884,1151,2035,2
7500,7,2005,Gd,680,1080,1080,0,1080,0
6240,5,1950,Gd,0,896,896,448,1344,1
10356,5,1975,TA,716,969,969,0,969,2
13891,8,2008,Ex,1400,1710,1710,0,1710,3
14803,6,1971,TA,416,825,1097,896,1993,2
13500,6,1975,Gd,429,1602,1252,0,1252,2
11340,6,1950,TA,0,1200,1200,0,1200,1
9600,6,1950,TA,0,572,572,524,1096,0
7200,5,1950,,0,0,1040,0,1040,2
12003,8,2010,Ex,0,774,774,1194,1968,3
12552,7,2005,Gd,222,991,991,956,1947,2
19378,7,2006,Gd,57,1392,1392,1070,2462,2
11120,6,1984,Gd,660,1232,1232,0,1232,2
13688,9,2004,Ex,1016,1572,1572,1096,2668,3
12182,7,2005,Gd,1201,1541,1541,0,1541,2
5500,4,1956,TA,0,882,882,0,882,0
5400,6,2004,TA,370,1149,1149,467,1616,1
10106,5,1999,TA,351,644,808,547,1355,0
10708,5,1993,TA,379,1617,1867,0,1867,1
10562,8,2007,Ex,1288,1582,1610,551,2161,3
8244,7,2004,Gd,0,840,840,880,1720,2
16669,8,1981,Gd,0,1686,1707,0,1707,2
12358,5,1950,TA,360,720,854,0,1382,2
31770,6,1960,TA,639,1080,1656,0,1656,2
5306,7,1987,Gd,495,1064,1064,703,1767,2
10197,6,1961,TA,288,1362,1362,0,1362,2
12416,6,1986,Gd,1398,1606,1651,0,1651,2
12615,6,2001,TA,477,1202,2158,0,2158,2
10029,6,1989,Gd,831,1151,1164,896,2060,2
13650,5,1958,TA,57,1052,1252,668,1920,2
17423,9,2009,Ex,1904,2216,2234,0,2234,3
8520,5,2006,TA,0,968,968,0,968,2
2117,6,2000,Gd,436,756,769,756,1525,2
7588,7,1950,Fa,352,793,901,901,1802,1
9060,5,2006,,0,0,1340,0,1340,1
11426,7,2003,Gd,0,1362,1362,720,2082,2
7438,5,1991,Fa,0,504,936,316,1252,2
22950,10,1993,TA,0,1107,1518,1518,3608,3
9947,7,1991,Gd,611,1188,1217,0,1217,2
10410,5,1987,Fa,0,660,808,704,1656,1
7018,5,1979,Gd,1086,1086,1224,0,1224,2
4923,8,2002,Ex,1153,1593,1593,0,1593,2
10570,8,1994,Gd,297,853,1549,1178,2727,2
7472,7,2004,TA,626,725,725,754,1479,2
9017,7,1999,Gd,560,1431,1431,0,1431,2
2522,7,2004,Gd,0,970,970,739,1709,2
7180,5,1972,TA,390,864,864,0,864,1
2280,6,1976,Gd,566,855,855,601,1456,2
9416,7,2007,Ex,1126,1726,1726,0,1726,3
25419,8,1990,TA,1036,1360,1360,1360,3112,2
5520,6,1950,TA,0,755,929,929,2229,0
9591,8,2005,Ex,1088,1713,1713,0,1713,3
8546,4,2004,Gd,0,1121,1121,0,1121,2
10125,6,1977,TA,641,1196,1279,0,1279,2
7000,6,1950,Fa,617,617,865,445,1310,1
4438,6,2004,Gd,662,848,848,0,848,2
3500,5,1950,TA,312,720,720,564,1284,1
11851,7,1990,Gd,0,1424,1442,0,1442,2
13673,5,1962,TA,0,1140,1696,0,1696,1
12493,4,1960,TA,419,1100,1100,0,1100,1
14364,7,1989,Gd,1065,1157,1180,882,2062,2
8250,6,1964,Gd,787,1092,1092,0,1092,2
5604,5,1950,TA,468,864,864,0,864,0
10420,6,2009,Gd,36,1212,1212,0,1212,2
8640,7,2009,Gd,822,900,932,920,1852,2
13568,5,1995,Gd,716,990,990,0,990,2
10900,6,1977,Gd,378,689,689,703,1392,1
10011,5,1996,TA,360,1070,1236,0,1236,1
8450,7,2004,Gd,946,1436,1436,0,1436,2
9906,4,1950,TA,0,686,810,518,1328,1
15660,7,2006,TA,341,798,1137,817,1954,2
3010,7,2006,Gd,16,1248,1248,0,1248,2
8990,7,2006,Gd,0,1498,1498,0,1498,2
8068,6,2002,Gd,0,1010,1010,1257,2267,2
11475,6,1975,Gd,550,713,811,741,1552,2
10500,4,1971,TA,524,864,864,0,864,2
13472,10,2003,Ex,56,2392,2392,0,2392,3
1680,5,1971,TA,0,630,630,672,1302,1
9950,7,1995,Gd,565,1203,1214,1306,2520,3
1869,6,1970,TA,321,483,483,504,987,1
8521,5,1967,TA,842,912,912,0,912,1
3182,7,2006,Gd,16,1373,1555,0,1555,2
8760,6,1959,TA,0,1194,1194,0,1194,1
15138,8,1996,Gd,689,1462,1490,1304,2794,3
1680,6,1972,TA,0,483,483,504,987,1
10650,5,1976,TA,182,894,894,0,894,1
7851,6,2002,Gd,625,860,860,1100,1960,2
1680,6,1971,TA,358,483,483,504,987,1
8773,7,2004,Gd,24,1414,1414,0,1414,2
9453,7,2003,Gd,402,996,1014,730,1744,2
12030,8,2007,Ex,0,1694,1694,0,1694,3
8741,6,1950,TA,94,735,798,689,1487,1
9000,8,2008,Gd,1078,1566,1566,0,1566,2
3880,5,1997,TA,329,686,866,0,866,0
5000,5,1950,TA,0,540,889,551,1440,1
10762,6,1980,Gd,0,626,626,591,1217,1
8880,7,2002,Gd,695,948,1222,888,2110,2
10400,7,1988,Gd,929,1845,1872,0,1872,2
9142,6,1950,Fa,0,1020,908,1020,1928,1
11310,6,1954,TA,0,1367,1375,0,1375,2
11317,7,2003,Gd,0,840,840,828,1668,2
159000,6,2006,Gd,697,1444,1444,700,2144,2
5350,3,1966,TA,0,728,1306,0,1306,0
4750,8,2007,Gd,1573,1573,1625,0,1625,2
8366,6,2004,Gd,0,798,798,842,1640,2
9350,6,1991,Gd,270,1302,1302,0,1302,1
8400,5,1957,TA,922,1314,1314,0,1314,1
8738,7,1999,Gd,0,975,1005,1286,2291,2
8791,6,2003,Gd,503,864,864,864,1728,2
8814,7,2006,Gd,1334,1604,1604,0,1604,2
12435,7,2001,Gd,361,963,963,829,1792,2
12702,5,1956,,0,0,882,0,882,1
19296,6,1962,TA,672,1362,1382,0,1382,2
9588,8,2007,Ex,0,1482,1482,1092,2574,3
8471,6,1995,Gd,506,506,1212,0,1212,2
5500,5,2001,TA,234,926,926,0,1316,2
5232,5,2004,Fa,0,680,764,0,764,2
12090,6,1981,Gd,588,1422,1422,0,1422,2
11207,6,1997,Gd,714,802,802,709,1511,2
8400,5,1997,TA,378,720,1052,720,2192,1
6900,5,1955,TA,403,740,778,0,778,1
7917,6,1976,TA,751,1143,1113,0,1113,1
10728,8,2006,Gd,0,1095,1095,844,1939,3
39104,7,2005,Gd,226,1385,1363,0,1363,2
11764,8,2007,Gd,524,1152,1164,1106,2270,3
9600,6,1988,TA,620,1240,1632,0,1632,1
8314,5,1982,TA,546,816,816,0,816,1
7264,7,2007,TA,0,952,952,596,1548,2
9196,7,2003,Ex,0,1560,1560,0,1560,2
19138,4,1951,TA,120,864,864,0,864,2
14450,9,2007,Ex,0,2121,2121,0,2121,3
10005,7,1977,Gd,392,1160,1156,866,2022,2
11287,7,1989,Gd,421,807,1175,807,1982,2
7200,6,2006,Gd,905,1262,1262,0,1262,2
5063,7,2008,Gd,904,1314,1314,0,1314,2
9612,8,2009,Gd,0,1468,1468,0,1468,3
8012,6,1992,Gd,430,1575,1575,0,1575,2
4251,7,2007,Gd,0,625,625,625,1250,2
9786,6,1981,TA,600,912,1085,649,1734,2
8125,4,1971,TA,614,858,858,0,858,0
9819,5,1967,TA,450,882,900,0,900,1
8730,6,2003,TA,0,698,698,698,1396,1
15611,8,2006,Gd,0,1079,1079,840,1919,2
5687,5,2000,TA,210,780,936,780,1716,0
11409,5,2008,TA,292,768,1148,568,1716,1
16659,7,1994,TA,795,795,1468,795,2263,2
9600,6,1953,TA,1285,1416,1644,0,1644,2
7937,6,1984,TA,819,1003,1003,0,1003,2
13710,5,1950,TA,420,910,910,648,1558,1
7399,7,1998,Gd,649,975,975,975,1950,2
11700,6,1968,TA,384,702,1041,702,1743,2
14000,6,2004,TA,0,1092,1152,0,1152,1
15750,5,1953,TA,841,1165,1336,0,1336,1
16226,8,1999,Gd,281,1028,1210,1242,2452,2
13704,7,2002,Gd,0,1541,1541,0,1541,3
9800,5,1972,TA,894,894,894,0,894,2
18386,7,2002,TA,0,1470,1675,1818,3493,3
10386,8,2005,Gd,1464,2000,2000,0,2000,3
13474,7,1991,Gd,700,700,1122,1121,2243,3
7920,6,1950,TA,0,319,1035,371,1406,0
12342,4,1950,TA,262,861,861,0,861,2
12378,9,2004,Ex,1274,1896,1944,0,1944,3
7685,6,1994,Gd,518,697,697,804,1501,2
8000,6,2002,TA,680,972,972,0,972,1
7800,5,1950,Gd,507,793,793,325,1118,2
215245,7,1965,Gd,1236,2136,2036,0,2036,2
9600,7,1990,TA,16,728,832,809,1641,2
7795,7,2005,Gd,425,716,716,716,1432,2
13005,7,1980,Gd,692,845,1153,1200,2353,2
9000,8,2006,Gd,0,1088,1088,871,1959,3
9900,7,1993,Gd,987,1347,1372,1274,2646,3
14115,7,1980,Gd,1036,1372,1472,0,1472,2
16259,9,2006,Ex,0,1249,1249,1347,2596,3
12099,8,2004,Ex,970,1136,1136,1332,2468,3
10380,7,1987,TA,28,1502,1553,1177,2730,2
5820,3,2005,TA,256,1162,1163,0,1163,1
11275,7,2007,Gd,0,710,1898,1080,2978,2
5000,5,1950,TA,116,720,803,0,803,2
10846,8,1993,Gd,1619,1719,1719,0,1719,2
11600,6,1960,TA,565,1383,1383,0,1383,1
11888,6,1994,TA,0,844,1445,689,2134,2
6402,5,1950,TA,0,596,596,596,1192,1
10624,5,1964,TA,40,1728,1728,0,1728,1
8176,5,1992,TA,846,1056,1056,0,1056,1
10655,8,2004,Gd,1124,3206,1629,0,1629,3
8198,7,2004,Gd,720,1358,1358,0,1358,2
9042,6,1998,Gd,828,943,943,695,1638,2
164660,5,1965,TA,1249,1499,1619,167,1786,2
14157,9,2006,Ex,1249,1922,1922,0,1922,3
9135,7,2003,Gd,810,1536,1536,0,1536,2
14145,7,1998,Gd,213,1208,1621,0,1621,2
12400,6,1998,TA,585,1215,1215,0,1215,1
14191,8,2002,Gd,0,967,993,915,1908,2
8400,4,1950,TA,0,721,841,0,841,1
8544,3,1950,,0,0,1040,0,1040,2
8849,9,2005,Ex,28,1684,1684,0,1684,2
2592,5,1976,Gd,129,536,536,576,1112,1
6435,6,1950,TA,0,972,972,605,1577,1
12772,6,1998,TA,498,958,958,0,958,1
17600,6,1960,TA,1270,1478,1478,0,1478,2
2448,7,2004,Gd,573,764,764,862,1626,2
20431,9,2006,Ex,1410,1848,1848,880,2728,3
7820,9,2007,Ex,0,1869,1869,0,1869,2
5271,7,1986,Gd,1082,1453,1453,0,1453,2
9084,5,1950,TA,236,616,616,495,1111,1
8520,6,2003,TA,0,624,720,0,720,2
8400,6,2000,TA,388,940,1192,403,1595,1
11249,6,1995,Gd,334,1200,1200,0,1200,2
9248,6,1992,Gd,560,1158,1167,0,1167,2
4224,5,1976,Gd,874,1142,1142,0,1142,2
6930,5,1958,TA,300,1062,1352,0,1352,1
12011,8,1998,Gd,956,1086,1086,838,1924,2
7540,6,1978,Gd,773,888,912,0,912,2
9144,5,1982,TA,399,883,988,517,1505,1
7301,7,2003,,0,0,495,1427,1922,2
1680,6,2007,TA,162,483,483,504,987,1
18800,6,1976,Gd,712,796,790,784,1574,2
10690,5,1997,TA,456,672,672,672,1344,1
9500,6,1963,Gd,609,1394,1394,0,1394,2
9150,6,1962,Gd,371,1099,1431,0,1431,1
7800,5,1954,TA,540,1268,1268,0,1268,1
9830,5,2006,TA,72,1063,1287,0,1287,2
8121,6,2000,Gd,0,953,953,711,1664,2
17120,4,1959,,0,0,1120,468,1588,2
7175,6,1984,Gd,623,744,752,0,752,1
10634,5,1953,TA,428,608,1319,0,1319,1
8200,7,2004,Gd,0,847,847,1081,1928,2
10020,1,1950,Fa,350,683,904,0,904,0
8846,5,1996,Gd,298,870,914,0,914,2
11143,8,2005,Gd,0,1580,1580,886,2466,2
11394,9,2010,Ex,1445,1856,1856,0,1856,3
8123,6,2000,Gd,0,982,1007,793,1800,2
5000,5,1950,TA,218,1026,1026,665,1691,1
7200,7,2006,Gd,0,1293,1301,0,1301,2
9245,7,2006,Gd,0,939,939,858,1797,2
9000,6,1950,Fa,0,784,784,0,784,2
53107,6,1992,Gd,985,1580,1079,874,1953,2
3182,8,2005,Gd,24,1256,1269,0,1269,2
8410,5,1996,TA,0,658,658,526,1184,0
7200,6,1976,TA,631,1041,1125,0,1125,1
9382,7,2000,Gd,0,1468,1479,0,1479,2
12474,10,2008,Ex,1280,1682,1742,590,2332,3
8405,5,1950,TA,241,861,961,406,1367,1
12209,6,2002,Ex,690,804,804,1157,1961,2
8339,5,1959,,0,0,882,0,882,1
7446,4,1950,TA,266,788,788,0,788,0
10134,5,1950,TA,0,735,735,299,1034,1
9571,5,1956,TA,739,1144,1144,0,1144,1
7200,5,1972,TA,777,894,894,0,894,2
7590,5,1962,TA,540,864,876,936,1812,1
8967,5,1950,Fa,0,961,1077,0,1077,1
8125,7,2007,Gd,812,1092,1112,438,1550,2
14963,8,1996,Gd,786,1260,1288,0,1288,2
8767,7,2005,Gd,24,1310,1310,0,1310,2
10200,5,1997,TA,0,672,672,0,672,1
12090,8,1998,Gd,0,1141,1165,1098,2263,2
10364,6,1996,Gd,0,806,806,766,1572,2
9991,4,1993,TA,1116,1281,1620,0,1620,2
10480,6,1950,TA,0,1064,1166,0,1639,1
15576,6,1976,Gd,0,840,840,840,1680,1
14154,7,2006,Ex,0,1063,1071,1101,2172,3
10800,8,2008,Ex,789,1034,1050,1028,2078,3
9571,5,1958,TA,0,1276,1276,0,1276,1
34650,5,1955,TA,1056,1056,1056,0,1056,2
4403,7,2009,Ex,578,1470,1478,0,1478,2
8960,5,1950,TA,0,1008,1028,0,1028,2
11228,7,1993,Gd,50,1080,1080,1017,2097,3
8899,7,2007,Gd,24,1340,1340,0,1340,2
7844,6,1978,TA,209,672,672,728,1400,2
22420,6,1950,Gd,1128,1370,1370,1254,2624,3
8160,5,1950,TA,312,756,756,378,1134,1
8450,5,1968,TA,775,1056,1056,0,1056,1
7060,7,1998,Gd,1309,1344,1344,0,1344,4
16635,6,2000,Gd,1246,1602,1602,0,1602,2
21750,5,1954,TA,0,988,988,0,988,2
9200,8,1998,Gd,986,1470,1470,1160,2630,3
9000,6,1956,Gd,616,1196,1196,0,1196,1
3378,7,1992,TA,0,651,707,682,1389,1
12800,7,1989,Gd,1518,1518,1644,0,1644,2
8593,4,1957,TA,288,907,907,0,907,1
6762,7,2007,Gd,664,1208,1208,0,1208,2
11457,6,1988,Gd,1005,1392,1412,0,1412,2
1680,6,1971,TA,387,483,483,504,987,1
5586,6,1998,TA,0,901,1088,110,1198,0
1920,5,1971,TA,471,765,765,600,1365,2
10839,6,1998,Gd,0,926,926,678,1604,2
1890,4,1972,Gd,495,630,630,0,630,0
10667,7,1996,Gd,385,799,827,834,1661,2
4400,6,1950,Fa,0,648,734,384,1118,2
6000,6,2004,TA,0,884,904,0,904,1
4280,5,2002,TA,365,440,694,0,694,1
12354,6,2000,TA,0,684,684,512,1196,2
15431,10,2008,Ex,1767,3094,2402,0,2402,3
12108,4,1955,TA,133,1440,1440,0,1440,0
6240,5,1992,TA,0,1078,1128,445,1573,2
3922,7,2007,Ex,0,1258,1258,0,1258,3
8750,7,1995,Gd,642,915,933,975,1908,2
9855,6,1956,TA,0,1436,1689,0,1689,2
16492,6,2002,TA,247,1517,1888,0,1888,2
11214,7,1999,Gd,0,930,956,930,1886,2
8600,6,1950,TA,0,780,780,596,1376,1
6000,3,2002,TA,331,649,679,504,1183,1
5684,6,2005,TA,0,813,813,0,813,1
70761,7,1975,Gd,655,1533,1533,0,1533,2
9303,6,1997,Ex,742,872,888,868,1756,2
9000,8,2008,Gd,0,768,786,804,1590,2
9297,5,1976,TA,1606,1728,1728,0,1728,2
9600,7,1973,TA,916,1242,1242,0,1242,2
4571,5,1950,TA,0,624,624,720,1344,3
53227,4,1994,Gd,1116,1364,1663,0,1663,2
5100,8,1996,TA,0,588,833,833,1666,1
7015,5,1950,TA,185,709,979,224,1203,1
8004,8,2009,Gd,544,832,832,1103,1935,2
7200,7,2007,Gd,350,560,575,560,1135,2
8281,5,1965,TA,553,864,864,0,864,1
11988,6,1995,TA,326,715,849,811,1660,1
8430,5,1978,Gd,616,1040,1040,0,1040,0
3072,7,2004,Gd,0,1375,1414,0,1414,2
10628,7,1970,TA,778,1277,1277,0,1277,2
9480,5,1995,TA,386,728,888,756,1644,1
11428,8,2006,Gd,0,1626,1634,0,1634,3
9291,6,1993,Gd,426,832,832,878,1710,2
6820,8,1985,Gd,368,1488,1502,0,1502,2
11952,7,1977,Gd,0,808,1161,808,1969,2
3675,6,2005,Gd,459,547,1072,0,1072,2
14977,8,2007,Ex,1350,1976,1976,0,1976,3
5330,8,2000,Gd,1196,1494,1652,0,1652,2
8480,5,1963,TA,630,970,970,0,970,2
13125,6,1998,Gd,994,1478,1493,0,1493,2
13693,9,2006,Gd,0,2153,2069,574,2643,3
10637,8,2008,Ex,1288,1705,1718,0,1718,3
5925,4,2000,Fa,168,907,1131,0,1131,2
16033,9,2005,Ex,1261,1833,1850,0,1850,3
11846,9,2004,Ex,1567,1792,1792,0,1792,3
2500,7,2005,TA,299,910,916,910,1826,1
4500,6,1998,Ex,897,1216,1216,0,1216,2
7758,5,2001,TA,588,999,999,0,999,1
9600,5,2007,TA,607,1113,1113,0,1113,1
10289,5,1965,TA,836,1073,1073,0,1073,2
12243,5,1971,Gd,998,1484,1484,0,1484,2
10800,5,1970,TA,664,954,1766,648,2414,2
1526,4,2002,Gd,515,630,630,0,630,1
2665,5,1976,Gd,0,264,616,688,1304,1
9490,6,1950,TA,403,806,958,620,1578,1
15578,6,2006,Gd,0,728,728,728,1456,2
7931,5,1960,TA,374,1269,1269,0,1269,1
5784,5,1996,Fa,0,190,886,0,886,1
7879,4,1950,TA,495,720,720,0,720,0
12692,8,1993,Gd,1231,3200,3228,0,3228,2
9120,7,1950,TA,329,1026,1133,687,1820,1
7800,5,2004,TA,450,864,899,0,899,1
7535,5,1985,TA,111,912,912,0,912,1
1890,6,1973,TA,356,672,672,546,1218,1
9803,7,2005,Gd,400,866,866,902,1768,2
9170,5,1965,TA,698,1214,1214,0,1214,2
15602,7,1997,TA,1247,1501,1801,0,1801,2
2308,6,1974,TA,257,855,855,467,1322,2
7596,5,1952,TA,0,960,960,1000,1960,2
9554,8,1994,Gd,380,777,1065,846,1911,2
7862,6,2009,Gd,27,1218,1218,0,1218,2
9600,7,2005,TA,141,689,689,689,1378,2
9600,5,1959,TA,991,1041,1041,0,1041,1
14559,5,2000,TA,650,1008,1363,0,1363,1
6792,7,2006,Gd,0,1368,1368,0,1368,2
9100,5,1958,TA,521,864,864,0,864,2
9187,6,1983,TA,336,1084,1080,0,1080,2
10594,5,1950,TA,0,768,789,0,789,1
12220,10,2009,Ex,1436,2006,2020,0,2020,3
10448,6,1972,TA,0,689,1378,741,2119,2
10208,7,1997,Gd,0,1264,1277,1067,2344,3
9531,6,1998,Gd,706,794,882,914,1796,2
10918,7,2004,Gd,0,1276,1276,804,2080,1
10800,4,2000,,0,0,694,600,1294,0
11988,6,1957,TA,777,1244,1244,0,1244,1
5000,6,1950,TA,399,1004,1004,660,1664,2
40094,10,2008,Ex,2260,3138,3138,1538,4676,3
11787,7,1997,Gd,719,1379,1383,1015,2398,3
7500,7,2005,Gd,0,1257,1266,0,1266,2
13300,5,2000,Gd,377,928,928,0,928,1
14948,9,2008,Ex,1330,1452,1476,1237,2713,3
9098,4,2002,TA,348,528,605,0,605,0
32668,6,1975,TA,1219,2035,2515,0,2515,2
10200,6,1989,Gd,783,1461,1509,0,1509,2
6155,6,1999,Fa,0,611,751,611,1362,2
7200,5,2007,,0,0,827,0,827,1
5000,1,1950,,0,0,334,0,334,0
9056,8,2004,Ex,0,707,707,707,1414,2
7000,5,1991,Gd,969,1117,820,527,1347,0
8924,7,1999,Gd,0,880,880,844,1724,2
12735,4,1972,TA,600,864,864,0,864,2
11553,5,1968,TA,673,1051,1159,0,1159,1
11423,8,2002,Gd,1358,1581,1601,0,1601,2
14601,9,2006,Ex,1260,1838,1838,0,1838,3
11000,8,2000,Gd,0,969,997,1288,2285,3
10140,7,1999,Ex,144,1650,1680,0,1680,2
4058,7,1998,Gd,584,723,767,0,767,1
17104,7,2006,Gd,554,654,664,832,1496,2
13837,7,1988,Gd,1002,1204,1377,806,2183,3
8737,6,1950,Gd,300,1065,915,720,1635,2
7244,5,1970,Gd,619,768,768,0,768,2
8235,5,1995,TA,180,825,825,0,825,2
9375,7,2004,Gd,0,912,912,1182,2094,2
4043,6,1977,Gd,559,1069,1069,0,1069,2
6000,5,1957,TA,308,928,928,0,928,1
11146,8,2006,Ex,0,1709,1717,0,1717,3
8777,4,2003,,0,0,1126,0,1126,2
10625,7,2004,Gd,866,998,1006,1040,2046,3
6380,5,1950,TA,0,993,1048,0,1048,1
14850,5,1957,TA,895,1092,1092,0,1092,1
11040,4,1950,TA,637,637,897,439,1336,1
21872,7,1997,Gd,604,729,729,717,1446,2
3196,7,2004,Gd,0,1374,1557,0,1557,2
11341,5,1996,Gd,1302,1392,1392,0,1392,2
10010,5,1975,Gd,1071,1389,1389,0,1389,2
13907,5,1969,TA,290,996,996,0,996,0
21780,6,1950,Gd,0,1163,1163,511,1674,2
13346,7,2000,Gd,728,1095,1166,1129,2295,2
6858,6,1950,Gd,0,806,841,806,1647,1
11198,9,2007,Gd,0,1122,1134,1370,2504,3
10171,7,2004,Gd,2,1517,1535,0,1535,2
12327,8,2009,Gd,1441,1496,1496,636,2132,2
7032,5,1979,Gd,943,943,943,0,943,2
13101,5,1965,TA,231,1728,1728,0,1728,2
7332,6,1959,TA,414,864,864,0,864,1
13159,7,2009,Ex,0,846,846,846,1692,2
9967,7,2000,Gd,0,384,774,656,1430,2
10500,5,2005,TA,349,372,576,533,1109,1
8480,5,1950,TA,442,832,832,384,1216,1
6292,7,1950,TA,0,861,877,600,1477,1
11777,5,1966,TA,328,1164,1320,0,1320,2
3604,7,2007,Gd,0,689,703,689,1392,2
12150,5,1954,TA,0,1050,1050,745,1795,1
14585,6,1987,TA,594,1144,1429,0,1429,2
12704,8,2009,Ex,0,2042,2042,0,2042,3
11841,6,1990,Gd,816,816,816,0,816,0
13500,10,2000,TA,0,1237,1521,1254,2775,2
6120,4,1995,TA,0,884,989,584,1573,1
11443,8,2006,Ex,1460,1868,2028,0,2028,3
10267,6,2000,TA,210,816,838,0,838,1
8740,5,1982,TA,672,840,860,0,860,2
25095,5,2003,TA,1324,1437,1473,0,1473,1
9100,5,1960,TA,0,742,779,0,935,1
8320,7,2004,Gd,490,770,770,812,1582,2
13478,10,2008,Ex,1338,1722,1728,568,2296,3
6600,5,2003,TA,816,816,816,0,816,2
4435,6,2003,Gd,685,848,848,0,848,2
7990,5,1975,Gd,0,924,924,0,924,1
11302,8,2006,Gd,1422,1814,1826,0,1826,3
3600,6,1993,TA,0,684,684,684,1368,1
3922,7,2007,Ex,0,1258,1402,0,1402,3
12984,5,1977,Gd,1283,1430,1647,0,1647,2
1950,6,1980,Gd,81,716,716,840,1556,2
10927,8,2005,Gd,546,1058,1058,846,1904,2
9000,6,1950,TA,0,780,780,595,1375,1
10041,8,1992,Gd,789,908,927,988,1915,2
3182,7,2005,Gd,0,600,600,600,1200,2
12803,7,2002,Gd,922,1494,1494,0,1494,2
13600,7,1990,TA,454,768,1186,800,1986,2
12464,5,1996,Gd,732,1040,1040,0,1040,2
7800,5,2002,TA,603,896,1112,896,2008,1
12168,8,1998,Gd,428,965,1940,1254,3194,2
7943,4,1961,TA,903,1029,1029,0,1029,1
11050,9,2000,Ex,904,1440,1476,677,2153,3
10395,6,1978,Gd,605,1032,1032,0,1032,2
11885,8,2001,Gd,990,1299,1299,573,1872,2
8402,5,2007,Gd,206,1120,1120,0,1120,0
1491,4,1972,Gd,150,630,630,0,630,0
8800,6,1963,TA,763,936,1054,0,1054,2
7861,6,2003,Gd,457,783,807,702,1509,2
7227,6,1954,TA,0,832,832,0,832,2
11694,9,2007,Ex,48,1822,1828,0,1828,3
12244,8,2003,Gd,871,1482,1482,780,2262,3
8248,3,1950,TA,41,864,864,0,864,0
10800,6,1997,TA,956,1522,1548,1066,2614,2
7064,5,1977,TA,560,980,980,0,980,2
2117,6,2000,Gd,420,756,756,756,1512,2
10400,6,1972,TA,247,732,1012,778,1790,2
10000,6,1962,TA,0,1116,1116,0,1116,2
12342,5,1978,TA,0,978,1422,0,1422,1
9600,6,1972,TA,674,1156,1520,0,1520,1
11606,5,1969,Gd,650,1040,1040,1040,2080,2
9020,6,1964,TA,624,1248,1350,0,1350,2
9000,5,1991,Fa,0,636,1089,661,1750,1
4590,8,2006,Gd,24,1554,1554,0,1554,2
11900,7,1977,TA,822,1386,1411,0,1411,2
9250,5,2005,TA,480,1056,1056,0,1056,1
6979,6,1980,TA,1056,1056,1056,0,1056,2
10896,6,1995,TA,256,1440,1440,1440,3395,0
6120,2,1950,TA,0,264,800,0,800,0
6000,5,1954,TA,0,811,811,576,1387,1
8777,5,1950,Fa,0,796,796,0,796,0
3982,8,2006,Gd,1154,1520,1567,0,1567,3
12677,8,2004,Ex,1218,1518,1518,0,1518,2
7050,7,2001,Gd,738,1057,1057,872,1929,2
13860,8,1995,Gd,1410,1952,2000,704,2704,2
10793,5,1969,TA,493,780,780,840,1620,2
9187,9,2009,Ex,1121,1766,1766,0,1766,3
10530,6,1971,TA,282,981,981,0,981,2
7200,5,1950,,0,0,1048,0,1048,2
10452,6,1953,TA,500,1094,1094,0,1094,2
7700,6,1966,TA,0,756,1051,788,1839,2
1936,4,1970,Gd,131,630,630,0,630,0
8125,7,2007,Gd,0,813,822,843,1665,2
9084,4,1950,TA,0,755,755,755,1510,1
8750,7,1996,Gd,0,880,909,807,1716,2
10320,6,1995,TA,0,756,756,713,1469,1
10437,8,1995,Gd,1696,2109,2113,0,2113,3
1680,6,1971,TA,0,525,525,567,1092,1
10007,5,2006,TA,806,1053,1053,0,1053,1
7200,7,2000,Gd,0,776,851,651,1502,1
17503,6,1950,TA,0,912,912,546,1458,1
9937,5,1999,TA,637,1486,1486,0,1486,2
12384,7,1976,Gd,0,793,1142,793,1935,2
46589,8,2005,Gd,1361,1629,1686,762,2448,3
13560,6,1968,Fa,0,1392,1392,0,1392,2
10012,4,1972,Gd,920,1138,1181,0,1181,2
20896,8,2006,Ex,1721,2077,2097,0,2097,3
11194,8,2000,Gd,0,1406,1454,482,1936,2
18450,6,1979,Gd,187,1021,1465,915,2380,2
8125,6,1998,Gd,1138,1408,1679,0,1679,2
14175,5,1987,TA,988,1188,1437,0,1437,2
11600,4,1950,Fa,0,700,1180,0,1180,1
8633,6,2005,Gd,193,738,738,738,1476,2
6629,6,1950,TA,551,672,697,672,1369,1
11250,6,1977,Gd,767,1208,1208,0,1208,2
14442,6,2004,TA,1186,1477,1839,0,1839,2
9200,6,1965,TA,892,1136,1136,0,1136,1
2289,6,1978,TA,311,855,855,586,1441,2
9600,4,1950,TA,0,1095,1095,679,1774,3
9022,5,2006,TA,0,768,792,0,792,1
11844,8,2008,Ex,0,2046,2046,0,2046,3
9945,5,1961,TA,827,988,988,0,988,2
8012,6,1980,Gd,543,923,923,0,923,1
4500,5,2000,TA,182,793,848,672,1520,1
2887,6,1997,Gd,1003,1291,1291,0,1291,2
11248,9,2002,Gd,1059,1626,1668,0,1668,3
16770,7,1998,Gd,0,1195,1195,644,1839,2
5062,7,1984,Gd,828,1190,1190,900,2090,2
10207,7,2007,Gd,0,874,874,887,1761,2
5105,7,2004,Gd,239,551,551,551,1102,2
8089,8,2007,Gd,945,1419,1419,0,1419,2
7577,6,2006,Gd,20,1362,1362,0,1362,2
4426,6,2004,Gd,697,848,848,0,848,2
21535,10,1995,Ex,1455,2444,2444,1872,4316,3
26178,7,1990,Gd,965,1210,1238,1281,2519,2
5400,5,1968,TA,0,1073,1073,0,1073,1
6120,5,1950,TA,0,927,1067,472,1539,2
13811,6,1987,Gd,980,1112,1137,0,1137,2
6000,5,1950,TA,616,616,616,0,616,1
6420,5,1952,Ex,210,980,1148,0,1148,1
8450,5,2009,TA,553,894,894,0,894,1
4282,7,2004,Gd,16,1391,1391,0,1391,2
14331,8,2002,Ex,1274,1800,1800,0,1800,3
9600,7,1969,TA,0,1164,1164,0,1164,2
12438,8,2006,Ex,0,1234,1264,1312,2576,3
7630,5,1996,Gd,0,360,1032,780,1812,2
8400,7,2005,Gd,712,1473,1484,0,1484,2
5600,4,1950,,0,0,372,720,1092,0
115149,7,2002,Gd,1219,1643,1824,0,1824,2
6240,8,2006,Gd,863,1324,1324,0,1324,2
9018,7,2007,Gd,0,728,728,728,1456,2
7162,5,1966,TA,0,876,904,0,904,1
4130,3,2003,TA,0,270,729,0,729,0
8712,4,1950,TA,0,859,859,319,1178,1
4671,8,1989,Gd,767,1228,1228,0,1228,2
9873,4,1970,TA,789,960,960,0,960,2
13517,6,2005,TA,533,725,725,754,1479,2
10140,6,1974,Gd,0,1064,1350,0,1350,2
10800,7,1998,TA,0,718,1576,978,2554,2
10000,5,2000,Gd,1084,1176,1178,0,1178,2
10542,7,1994,Gd,1173,1311,1325,1093,2418,3
9920,5,1969,Gd,523,971,971,0,971,1
6563,8,1985,Gd,1148,1742,1742,0,1742,2
4426,6,2004,Gd,662,848,848,0,848,2
8120,4,1970,TA,191,864,864,0,864,2
8172,4,1972,TA,0,941,997,473,1470,1
13286,9,2008,Ex,1234,1698,1698,0,1698,3
6960,4,1970,TA,375,864,864,0,864,2
21695,6,2007,Gd,808,880,1680,0,1680,2
7314,7,2007,Gd,724,1232,1232,0,1232,2
11475,5,1958,TA,0,1584,1776,0,1776,3
6240,4,1950,TA,152,780,848,0,1208,2
5389,8,1996,Gd,1180,1595,1616,0,1616,2
9590,7,2003,Ex,786,868,1146,0,1146,2
11404,7,1999,Gd,252,1153,1153,878,2031,2
10000,5,1983,TA,594,864,1144,0,1144,1
8978,5,1968,TA,0,948,948,0,948,1
10800,7,1970,Gd,390,880,880,888,1768,2
8544,3,1950,,0,0,1040,0,1040,2
10463,8,2005,Gd,0,893,901,900,1801,3
10800,5,1988,Gd,1200,1200,1200,0,1200,0
9313,7,2004,Gd,0,864,864,864,1728,2
9600,5,2002,Fa,0,264,768,664,1432,2
6768,6,1996,TA,832,912,912,0,912,1
8450,7,2001,Gd,0,1349,1349,0,1349,2
12886,5,1999,Gd,444,520,1464,0,1464,2
5395,8,1993,Gd,733,1337,1337,0,1337,2
8963,8,1996,TA,575,1142,1175,1540,2715,2
8795,7,2000,Gd,300,952,980,1276,2256,2
11700,7,2003,TA,0,1240,1320,1320,2640,4
10593,7,1996,Gd,919,1720,1720,0,1720,2
8405,4,1950,,0,0,1088,441,1529,1
8800,4,2004,TA,0,576,792,348,1140,0
7750,7,2003,Gd,0,660,660,660,1320,2
9236,6,1997,Gd,1200,1479,1494,0,1494,2
10240,8,2005,Gd,0,1030,1038,1060,2098,3
7930,6,2005,TA,439,1026,1026,0,1026,2
3230,6,1999,Gd,381,729,742,729,1471,2
10769,8,2007,Gd,20,866,866,902,1768,2
11616,6,1978,TA,438,672,672,714,1386,2
2280,7,1999,Gd,549,744,757,744,1501,2
12257,8,1995,Gd,56,1318,1328,1203,2531,3
9100,6,1959,TA,612,864,864,0,864,1
6911,5,1950,TA,405,1145,1301,0,1301,2
8640,7,2009,Gd,24,756,764,783,1547,2
9430,8,1999,Gd,1163,1252,1268,1097,2365,3
9549,8,1996,Gd,437,1494,1494,0,1494,2
14587,9,2008,Gd,0,1498,1506,0,1506,2
10421,7,1988,Gd,394,980,980,734,1714,2
12508,6,1985,Gd,660,983,983,767,1750,1
9100,7,2005,Gd,24,1860,1836,0,1836,2
53504,8,2003,Gd,1416,1650,1690,1589,3279,3
7252,5,1982,Gd,685,858,858,0,858,2
8877,4,1951,Fa,836,836,1220,0,1220,2
7819,6,1976,TA,422,1029,1117,0,1117,2
10150,5,1958,TA,456,912,912,0,912,1
14226,8,2006,Gd,0,1935,1973,0,1973,3
4500,6,1998,Ex,866,1204,1204,0,1204,2
11210,7,2006,Gd,20,1614,1614,0,1614,3
13350,5,1974,TA,762,864,894,0,894,2
8400,5,1977,,0,0,2020,0,2020,2
10530,6,1977,Gd,975,975,1004,0,1004,2
7875,7,1996,Gd,0,1237,1253,0,1253,2
7153,6,1992,Gd,387,761,810,793,1603,2
16285,7,2002,Gd,0,1413,1430,0,1430,2
9101,5,1978,Gd,1097,1097,1110,0,1110,2
6300,6,2001,TA,0,742,742,742,1484,0
9790,6,1967,TA,251,1372,1342,0,1342,2
10800,5,1950,Fa,686,686,966,686,1652,1
10142,7,2004,Gd,656,956,956,1128,2084,2
6000,4,2000,TA,0,901,901,0,901,1
12205,6,2007,TA,568,832,976,1111,2087,2
3182,7,2006,Gd,16,1145,1145,0,1145,2
11333,6,1976,Gd,539,1029,1062,0,1062,2
9920,7,1997,Gd,862,1117,1127,886,2013,2
9158,8,2007,Gd,0,1496,1496,0,1496,2
10832,7,1996,Gd,0,712,1086,809,1895,2
8400,6,1981,Gd,0,650,888,676,1564,2
8197,6,1977,TA,0,660,1285,0,1285,2
7677,5,1953,TA,570,773,773,0,773,1
13518,9,2009,Ex,0,1926,1966,1174,3140,3
7200,5,1950,Gd,569,731,981,787,1768,1
12798,6,1997,Gd,462,616,616,1072,1688,2
4800,4,1990,TA,197,1196,1196,0,1196,2
8199,7,2005,Gd,648,728,728,728,1456,2
13891,9,2009,Ex,0,1734,1734,1088,2822,3
9000,5,1954,TA,812,936,1128,0,1128,1
12274,7,2008,Gd,0,1417,1428,0,1428,2
9750,5,1967,TA,400,980,980,0,980,1
21384,5,2004,TA,1309,1324,1072,504,1576,2
13400,5,1966,TA,516,1024,1086,0,1086,2
8100,5,1965,TA,0,849,1075,1063,2138,2
10140,6,1999,TA,663,1040,1309,0,1309,2
4438,6,2004,Gd,662,848,848,0,848,2
8712,5,1952,TA,0,540,1044,0,1044,2
9750,6,1958,TA,608,1442,1442,0,1442,1
8248,5,1950,TA,0,686,686,564,1250,1
12137,7,1998,Gd,0,1649,1661,0,1661,2
11425,5,1954,TA,486,1008,1008,0,1008,1
13265,8,2002,Gd,1218,1568,1689,0,1689,3
8816,6,1971,TA,504,1010,1052,0,1052,2
6371,7,2010,Gd,733,1358,1358,0,1358,2
7226,7,2003,Gd,0,798,798,842,1640,2
6000,4,1953,Fa,0,936,936,0,936,2
12394,7,2003,Gd,0,847,847,886,1733,2
9900,6,1950,TA,0,778,944,545,1489,1
11216,8,2006,Gd,0,1489,1489,0,1489,2
14803,10,2008,Ex,1636,2078,2084,0,2084,3
6130,5,1950,TA,784,784,784,0,784,0
8529,7,2001,Gd,20,1454,1434,0,1434,2
28698,5,1967,TA,249,1013,1160,966,2126,2
2544,7,2005,Gd,0,600,520,623,1223,2
11900,6,1957,TA,1040,1392,1392,0,1392,2
3180,7,2005,Gd,0,600,520,600,1200,2
9548,7,2003,Gd,483,941,941,888,1829,2
10004,6,1964,TA,196,1516,1516,0,1516,2
7875,5,1961,TA,572,1144,1144,0,1144,2
9600,4,1995,Gd,442,1067,1067,0,1067,2
8100,5,1973,TA,338,1559,1559,0,1559,2
1680,6,1973,TA,330,483,483,504,987,1
9525,5,2006,Gd,0,1099,1099,0,1099,1
11767,5,1995,TA,352,768,768,432,1200,1
12155,6,1950,TA,156,672,810,672,1482,1
10440,5,2002,TA,0,650,958,581,1539,2
9020,6,1966,TA,312,1127,1165,0,1165,2
8000,5,1961,TA,0,1800,1800,0,1800,0
12665,5,1950,TA,0,876,876,540,1416,3
16647,5,1981,Gd,1390,1390,1701,0,1701,2
9317,7,1993,Gd,513,740,1006,769,1775,2
15523,5,1972,TA,460,864,864,0,864,1
45600,6,1997,TA,0,907,1307,1051,2358,2
9600,6,1994,TA,0,528,1094,761,1855,2
4435,6,2003,Gd,659,848,848,0,848,2
3196,8,2003,Gd,0,1273,1456,0,1456,2
7128,7,1950,TA,364,918,918,728,1646,1
12095,6,1964,TA,564,1127,1445,0,1445,2
17920,5,1974,TA,306,1763,1779,0,1779,2
6897,5,2010,TA,659,1040,1040,0,1040,1
10970,6,1978,Gd,505,940,1026,0,1026,2
8125,6,1995,Gd,0,702,702,779,1481,2
10400,7,1976,Gd,0,1090,1370,0,1370,2
11029,6,1984,TA,619,1054,1512,1142,2654,2
7642,7,1998,TA,0,912,912,514,1426,1
11625,5,1965,TA,841,1039,1039,0,1039,2
9672,6,1985,Gd,338,1040,1097,0,1097,2
7931,5,1959,TA,1148,1148,1148,0,1148,1
8640,7,2008,Ex,0,1372,1372,0,1372,2
8750,5,1970,TA,828,1002,1002,0,1002,2
10656,8,2007,Gd,0,1638,1646,0,1646,3
6970,4,1961,TA,932,1040,1120,0,1120,2
14762,5,1950,,0,0,1547,720,2320,2
9938,7,1994,Gd,750,1050,1062,887,1949,2
6600,5,1962,TA,0,894,894,0,894,1
8750,6,1998,Gd,505,804,804,878,1682,2
8892,5,1996,TA,0,105,910,0,910,2
12144,5,1950,TA,375,832,1036,0,1268,1
5720,5,1950,TA,0,676,676,455,1131,1
9000,8,2007,Gd,64,1184,1184,1426,2610,2
25286,4,1963,TA,633,1064,1040,0,1040,2
8834,9,2005,Ex,1170,1462,1462,762,2224,3
11782,5,1995,TA,899,1109,1155,0,1155,2
7000,5,2005,TA,646,864,864,0,864,1
7024,5,2006,Ex,980,1090,1090,0,1090,2
13758,7,1991,Gd,902,1156,1187,530,1717,2
9636,6,1993,Gd,0,808,808,785,1593,2
6204,4,1950,TA,0,795,954,795,2230,1
7150,5,1967,TA,432,892,892,0,892,1
5119,9,2000,Ex,1238,1698,1709,0,1709,2
8393,5,2005,TA,528,1626,1712,0,1712,2
16466,5,1955,TA,0,816,872,521,1393,1
15865,8,1970,TA,351,2217,2217,0,2217,2
12160,6,1953,TA,1024,1505,1505,0,1505,2
8064,5,2006,TA,0,672,672,252,924,2
11184,6,1978,TA,226,918,918,765,1683,2
8414,6,2003,TA,663,1059,1068,0,1068,1
13284,5,1954,Gd,1064,1383,1383,0,1383,1
7018,5,1979,,0,0,1535,0,1535,2
7056,6,1963,TA,400,780,983,813,1796,2
8765,4,1950,TA,285,951,951,0,951,1
7018,5,1979,,0,0,1120,1120,2240,2
12919,9,2010,Ex,2188,2330,2364,0,2364,3
6993,5,1994,TA,465,912,1236,0,1236,1
7340,4,1971,TA,322,858,858,0,858,1
8712,5,2000,TA,860,992,1306,0,1306,1
7875,7,2003,Gd,0,783,807,702,1509,2
14859,7,2006,Gd,0,1670,1670,0,1670,3
6173,5,1967,TA,599,876,902,0,902,1
9920,5,1954,TA,354,1056,1063,0,1063,1
13501,8,2006,Gd,63,1623,1636,0,1636,3
11500,7,1987,Gd,223,1017,1020,1037,2057,1
8885,5,1983,Gd,301,864,902,0,902,2
12589,6,2005,Gd,0,742,742,742,1484,2
11600,5,1960,TA,443,1105,1105,1169,2274,2
9286,5,1989,Gd,196,1268,1268,0,1268,1
6120,5,1950,TA,489,768,1015,0,1015,1
6270,5,1950,TA,284,1001,1001,1001,2002,3
3000,6,2009,Gd,294,612,612,612,1224,2
2001,4,1970,TA,0,546,546,546,1092,1
9000,2,1950,TA,50,480,480,0,480,1
17140,4,1956,TA,1059,1134,1229,0,1229,1
13125,7,1991,Ex,48,1104,912,1215,2127,3
11029,6,2002,Gd,528,1184,1414,0,1414,2
8462,6,1994,Gd,814,928,936,785,1721,2
8777,5,2003,TA,1084,1272,1272,928,2200,0
10237,6,2006,Gd,28,1316,1316,0,1316,2
8012,6,1994,Gd,165,1604,1617,0,1617,2
10240,6,1980,Gd,625,1686,1686,0,1686,2
15611,5,1977,Gd,767,1126,1126,0,1126,2
11999,8,2004,Gd,0,1181,1234,1140,2374,3
9900,7,1968,TA,552,832,1098,880,1978,2
11838,8,2001,Gd,0,1753,1788,0,1788,2
13006,7,1997,Gd,0,964,993,1243,2236,2
8925,8,2007,Gd,16,1466,1466,0,1466,3
9100,5,1965,TA,338,925,925,0,925,1
11670,9,2006,Ex,0,1905,1905,0,1905,3
8487,7,2004,Gd,20,1500,1500,0,1500,2
27650,7,2007,Gd,425,585,2069,0,2069,2
5825,4,1953,Fa,0,600,747,0,747,2
10083,7,2003,Gd,833,1176,1200,0,1200,2
9675,7,2005,Gd,341,1113,1113,858,1971,2
8760,7,2006,Gd,464,1391,1391,571,1962,3
24090,7,1950,TA,0,1032,1207,1196,2403,1
12640,6,1976,TA,936,1728,1728,0,1728,2
8755,7,1999,Gd,772,992,1022,1038,2060,2
7711,4,1977,Gd,1440,1440,1440,0,1440,0
25000,5,1967,TA,0,1632,1632,0,1632,2
14375,6,1958,TA,111,819,1344,0,1344,2
8820,5,1996,TA,1088,1088,1188,561,1869,2
8163,5,1959,TA,748,1144,1144,0,1144,1
14536,8,2003,Gd,1300,1616,1629,0,1629,3
14006,7,2002,Gd,0,936,936,840,1776,2
9360,6,2006,TA,982,1161,1381,0,1381,2
7200,5,2002,TA,398,864,864,0,864,2
7800,5,1965,TA,641,828,965,0,965,1
7200,5,2003,Gd,660,768,768,0,768,1
11075,5,1969,TA,562,784,1168,800,1968,2
9400,6,1975,Gd,945,945,980,0,980,0
7136,6,1950,Gd,484,979,979,979,1958,2
1300,6,1980,Gd,285,561,561,668,1229,2
7420,5,1962,TA,417,1057,1057,0,1057,2
8450,7,2003,Gd,699,1337,1337,0,1337,2
2572,7,1999,Gd,604,696,696,720,1416,2
7207,5,2008,TA,696,858,858,0,858,0
12227,6,1995,Gd,896,1330,1542,1330,2872,2
2308,6,1976,Gd,556,804,804,744,1548,2
11923,9,2007,Ex,0,1800,1800,0,1800,2
11316,7,2003,Gd,624,817,824,1070,1894,2
10237,6,2007,Gd,0,783,783,701,1484,2
9600,5,1950,TA,428,728,976,332,1308,1
7390,5,1955,TA,902,1098,1098,0,1098,1
5925,3,1950,TA,0,600,600,368,968,0
10382,6,1958,TA,513,588,1095,0,1095,1
10800,4,1950,TA,0,720,720,472,1192,0
2268,7,2004,Gd,567,764,764,862,1626,2
7892,6,1979,Gd,0,918,918,0,918,1
11639,7,2008,Gd,0,1428,1428,0,1428,2
11414,7,1993,Gd,0,728,1136,883,2019,2
2651,7,2000,Gd,641,673,673,709,1382,2
5900,4,1958,Gd,0,440,869,0,869,0
4274,7,2007,Gd,1106,1241,1241,0,1241,2
9450,4,1954,TA,552,894,894,0,894,2
8816,5,1963,TA,651,1121,1121,0,1121,2
12122,7,2007,TA,867,944,999,0,999,2
12203,8,1999,Gd,854,1225,1276,1336,2612,3
3182,7,2007,Gd,0,1266,1266,0,1266,2
11250,8,2002,Gd,0,1128,1149,1141,2290,2
10125,5,1977,,0,0,1302,432,1734,2
10880,5,1950,TA,1040,1164,1164,0,1164,1
5310,6,2003,TA,0,485,1001,634,1635,1
10159,9,2010,Ex,1646,1930,1940,0,1940,3
12046,6,1976,TA,156,848,1118,912,2030,2
8125,7,2006,Gd,0,770,778,798,1576,2
9452,8,1998,Gd,1074,1396,1407,985,2392,3
17671,8,1986,TA,216,916,916,826,1742,2
9760,6,1993,TA,536,822,1020,831,1851,2
8846,6,2006,Gd,0,750,750,750,1500,2
12456,10,2007,Ex,1172,1700,1718,0,1718,3
4712,4,1950,TA,384,747,774,456,1230,1
10659,5,1961,TA,915,1050,1050,0,1050,1
11717,6,1970,TA,0,1442,1442,0,1442,2
9786,3,1950,TA,0,1007,1077,0,1077,1
6762,7,2006,Gd,686,1187,1208,0,1208,2
10206,3,1952,,0,0,944,0,944,2
5400,5,1950,Fa,0,691,691,0,691,1
11957,8,2006,Gd,24,1574,1574,0,1574,3
11500,5,1976,TA,0,1680,1680,0,1680,2
3182,7,2006,Gd,16,1346,1504,0,1504,2
8385,5,1977,Gd,595,985,985,0,985,1
12155,6,1970,Gd,1237,1657,1657,0,1657,2
2217,4,1970,TA,273,546,546,546,1092,1
12118,7,2005,Ex,0,1710,1710,0,1710,2
6000,5,1950,TA,0,1008,1008,0,1522,0
21286,5,1950,TA,0,720,720,551,1271,1
9825,5,1965,,0,0,1664,0,1664,0
10592,6,1996,TA,0,602,900,602,1502,1
7200,5,2006,TA,247,1022,1022,0,1022,1
11664,6,1950,TA,336,1082,1082,0,1082,1
8400,8,2001,Gd,643,810,810,855,1665,2
11883,7,1996,Gd,690,1504,1504,0,1504,2
5814,8,1984,Gd,1036,1220,1360,0,1360,2
10784,7,1992,Gd,0,384,802,670,1472,2
3013,7,2005,Gd,16,1362,1506,0,1506,2
7024,4,2005,Gd,1024,1132,1132,0,1132,2
7406,7,2006,Gd,684,1199,1220,0,1220,2
9439,5,1950,TA,324,912,912,336,1248,1
3182,7,2006,Gd,16,1346,1504,0,1504,2
15498,8,1976,Gd,1165,1565,2898,0,2898,2
7700,5,1972,TA,138,882,882,0,882,2
9300,5,1960,TA,697,1268,1264,0,1264,2
9520,8,2008,Gd,1513,1638,1646,0,1646,3
9492,5,1950,TA,368,768,968,408,1376,1
1680,6,1972,TA,317,672,672,546,1218,1
7082,5,1995,TA,0,686,948,980,1928,0
15863,7,1970,TA,523,824,1687,998,3082,2
14541,8,1993,Gd,1012,1338,1352,1168,2520,3
8125,7,2002,Gd,986,1654,1654,0,1654,3
6305,5,1950,Fa,0,920,954,0,954,1
11500,4,1957,,0,0,845,0,845,1
12898,9,2008,Ex,1022,1620,1620,0,1620,3
9240,8,2002,Gd,0,1055,1055,1208,2263,2
1533,4,2008,TA,0,546,798,546,1344,0
1477,4,1970,Gd,509,630,630,0,630,1
13125,5,2000,TA,168,1134,1803,0,1803,2
9130,6,2000,TA,400,800,800,832,1632,2
5381,6,2005,Gd,900,1306,1306,0,1306,2
11839,7,1990,Gd,1085,1475,1532,797,2329,2
9600,8,1981,Gd,1104,2524,2524,0,2524,2
13680,3,1955,,0,0,1733,0,1733,2
16056,9,2006,Ex,240,1992,1992,876,2868,3
9245,5,1995,Gd,686,990,990,0,990,2
21750,5,2006,,0,0,1771,0,1771,2
11100,4,2006,,0,0,930,0,930,1
8993,7,2007,Gd,0,1302,1302,0,1302,2
11175,7,2007,Gd,0,1316,1316,0,1316,2
9500,6,1978,TA,442,816,1127,850,1977,2
8562,5,2002,TA,383,1216,1526,0,1526,1
11367,8,2002,Gd,932,1065,1091,898,1989,2
11361,6,1976,Gd,644,1193,1523,0,1523,2
7052,7,2005,Gd,659,1364,1364,0,1364,2
29959,7,1994,Gd,595,973,979,871,1850,2
11308,9,2008,Ex,936,1104,1130,1054,2184,3
11275,6,1950,TA,297,854,1096,895,1991,2
4920,8,2001,Gd,616,1338,1338,0,1338,2
18000,3,1950,TA,0,894,894,0,894,3
13600,5,1950,TA,0,662,1422,915,2337,2
6000,6,1980,TA,397,1103,1103,0,1103,2
11000,5,1966,TA,740,1154,1154,0,1154,2
14000,7,1997,Ex,1201,1306,1306,954,2260,2
7837,6,1994,Gd,0,799,799,772,1571,2
9760,6,1964,TA,674,780,798,813,1611,2
3964,6,1973,Gd,837,942,1291,1230,2521,2
9600,5,2003,TA,220,845,893,0,893,2
10152,5,1956,TA,586,1048,1048,0,1048,1
11700,6,1968,TA,298,727,829,727,1556,2
7585,5,1950,Fa,0,810,1002,454,1456,1
7950,6,1977,TA,535,690,698,728,1426,2
8556,7,2006,Gd,0,1240,1240,0,1240,3
13125,7,1984,TA,410,800,960,780,1740,1
10800,5,1989,Fa,626,796,1096,370,1466,2
15870,5,1969,TA,75,1096,1096,0,1096,1
4435,6,2004,Gd,662,848,848,0,848,2
8775,5,1994,Gd,495,990,990,0,990,1
11040,6,2004,TA,656,1258,1258,0,1258,2
7500,5,1963,TA,824,1040,1040,0,1040,1
8749,7,2002,Gd,0,1459,1459,0,1459,2
8800,6,1964,TA,553,1251,1251,0,1251,1
13031,6,1996,Gd,592,691,691,807,1498,2
9069,6,1992,Gd,747,936,996,0,996,2
1974,4,1973,TA,334,546,546,546,1092,1
10574,8,2006,Gd,0,1082,1082,871,1953,3
2522,7,2004,Gd,0,970,970,739,1709,2
3316,8,2005,Gd,1039,1247,1247,0,1247,2
8544,3,1950,,0,0,1040,0,1040,2
2160,7,2000,Gd,510,600,624,628,1252,2
8400,6,1950,TA,423,1181,1390,304,1694,2
9230,5,1998,TA,661,864,1200,0,1200,2
5868,5,2000,TA,248,936,936,0,936,1
9317,6,2006,Gd,24,1314,1314,0,1314,2
6882,6,2006,TA,0,684,773,582,1355,0
3696,8,1986,Gd,0,1074,1088,0,1088,2
6000,4,1950,TA,672,672,757,567,1324,1
11880,7,1978,Gd,704,1271,1601,0,1601,2
8400,2,1950,TA,290,290,438,0,438,1
9758,5,1971,TA,412,950,950,0,950,1
7000,5,2002,TA,588,1010,1134,0,1134,1
8910,6,1959,TA,655,655,1194,0,1194,2
2016,5,1970,TA,0,630,630,672,1302,2
12256,8,1995,Ex,1032,1463,1500,1122,2622,2
10357,7,1991,Gd,738,910,1442,0,1442,2
23257,7,2006,Ex,0,868,887,1134,2021,2
8063,6,2000,Gd,0,924,948,742,1690,2
11362,8,2005,Ex,1039,1836,1836,0,1836,3
8000,6,1996,Gd,219,773,773,885,1658,2
10480,7,1976,TA,403,803,1098,866,1964,2
7100,5,1957,TA,708,816,816,0,816,1
8923,5,2006,TA,643,1008,1008,0,1008,1
5400,5,2000,TA,415,833,833,0,833,1
12085,8,2007,Ex,1004,1734,1734,0,1734,3
7750,8,2002,Gd,353,408,779,640,1419,2
9764,5,2003,TA,702,894,894,0,894,2
13825,5,1987,TA,0,533,1021,580,1601,1
7560,5,1959,TA,369,1040,1040,0,1040,1
8263,6,1950,TA,0,1012,1012,0,1012,1
10084,7,2006,Gd,24,1552,1552,0,1552,3
8926,4,1956,TA,0,672,960,0,960,1
9405,5,2008,TA,0,698,698,0,698,0
9125,7,1992,Gd,0,384,812,670,1482,2
10434,4,1955,TA,0,1005,1005,0,1005,2
3684,7,2007,Gd,0,1373,1555,0,1555,3
14572,7,2004,Gd,1300,1530,1530,0,1530,3
11796,7,2005,Gd,0,847,847,1112,1959,2
7200,5,1980,Gd,936,936,936,0,936,2
7804,4,1950,TA,622,1122,1328,653,1981,2
10712,5,1992,Gd,212,974,974,0,974,0
9900,6,1950,TA,0,1008,1178,1032,2210,1
9828,8,1995,Gd,584,1128,1142,878,2020,2
8773,6,1997,Gd,0,916,916,684,1600,2
6180,6,1950,TA,0,960,986,0,986,1
9600,6,1950,TA,280,1032,1032,220,1252,1
6342,5,1996,TA,0,780,780,240,1020,0
9819,6,1977,TA,1567,1567,1567,0,1567,2
8731,5,1950,TA,645,915,1167,0,1167,2
7350,5,1951,TA,852,952,952,0,952,2
10304,5,1976,TA,381,780,1088,780,1868,2
9965,8,2007,Ex,1150,1466,1466,1362,2828,3
9000,5,1959,TA,288,1006,1006,0,1006,0
12180,4,1950,Gd,348,672,672,252,924,1
6240,5,1950,TA,0,1042,1042,534,1576,1
11200,6,1985,Gd,1258,1298,1298,0,1298,2
12000,7,1950,TA,275,704,860,704,1564,1
5700,7,1950,TA,0,572,572,539,1111,1
9000,7,1988,TA,624,650,832,650,1482,2
8280,6,1950,TA,0,932,932,0,932,1
17755,5,1959,TA,176,1466,1466,0,1466,2
14115,6,2004,TA,296,1073,1811,0,1811,2
5890,6,2007,TA,538,816,816,0,816,1
13700,7,1988,TA,454,864,902,918,1820,2
10768,5,2004,Gd,1157,1437,1437,0,1437,2
9350,5,1999,TA,633,1219,1265,0,1265,2
5001,7,2008,Gd,904,1314,1314,0,1314,2
11932,8,2008,Gd,0,1580,1580,0,1580,3
9120,6,1974,TA,442,901,943,933,1876,2
2280,6,1978,Gd,311,855,855,601,1456,2
14778,6,2006,TA,728,1296,1640,0,1640,2
8724,5,1968,Gd,492,894,894,0,894,2
12900,4,1969,Gd,1198,1198,1258,0,1258,2
16157,5,1978,Gd,680,1360,1432,0,1432,2
9541,7,2009,Gd,0,1502,1502,0,1502,2
10475,8,2008,Gd,0,1694,1694,0,1694,3
10852,6,2000,Gd,786,959,959,712,1671,2
13728,6,1986,TA,626,1127,1236,872,2108,2
35760,10,1996,Ex,1387,1930,1831,1796,3627,3
9880,6,1977,TA,522,1096,1118,0,1118,1
9120,6,1958,TA,662,1261,1261,0,1261,2
4017,7,2007,Gd,0,625,625,625,1250,2
18030,5,1994,TA,152,1598,1636,971,3086,0
16560,6,1950,Gd,503,952,1170,1175,2345,2
10678,8,2000,Gd,700,1683,2129,743,2872,2
6951,5,1985,TA,658,876,923,0,923,1
3950,6,2004,TA,468,818,818,406,1224,1
7681,5,1950,TA,0,731,820,523,1343,1
8335,5,1954,,0,0,1124,0,1124,0
11170,7,1991,Gd,1216,1216,1298,1216,2514,2
5587,8,2008,Ex,1480,1600,1652,0,1652,2
15623,10,1996,Ex,2096,2396,2411,2065,4476,3
10800,5,1950,TA,821,1120,1130,0,1130,2
35133,5,1963,TA,1159,1572,1572,0,1572,3
9738,5,1950,TA,392,784,949,272,1221,1
10615,3,1970,Fa,440,978,1014,685,1699,2
12461,8,1995,Gd,1456,1624,1624,0,1624,3
8935,7,2002,Gd,0,831,831,829,1660,2
7500,7,1999,TA,0,994,1028,776,1804,2
32463,4,1975,TA,1159,1249,1622,0,1622,4
2645,8,2000,Gd,0,776,764,677,1441,2
9600,5,1994,TA,0,702,842,630,1472,1
4500,6,1999,Ex,883,1224,1224,0,1224,2
9364,6,1969,TA,371,663,663,689,1352,1
8029,6,2005,Gd,0,728,728,728,1456,2
14054,7,2006,Gd,0,879,879,984,1863,3
8850,7,1950,TA,0,815,815,875,1690,1
9100,7,2001,Gd,0,1212,1212,0,1212,2
11235,4,1979,TA,547,1051,1382,0,1382,2
9353,4,1970,TA,0,864,864,0,864,1
10400,7,1998,Gd,0,866,866,913,1779,2
6000,5,1997,TA,0,884,884,464,1348,1
9750,7,2001,Gd,0,1630,1630,0,1630,2
10140,5,1975,Gd,788,1056,1074,0,1074,2
14684,7,1991,Gd,485,2158,2196,0,2196,3
8900,4,1966,TA,1056,1056,1056,0,1056,1
9135,6,2003,Gd,340,1682,1700,0,1700,2
7763,5,1980,TA,504,931,1283,0,1283,2
10182,8,2006,Ex,1220,1660,1660,0,1660,2
11218,6,1992,Gd,0,1055,1055,790,1845,2
12134,8,2005,Gd,427,559,1080,672,1752,2
9340,4,1950,TA,344,672,672,0,672,1
10246,4,2001,TA,648,648,960,0,960,1
10205,5,1962,TA,784,925,999,0,999,1
7094,5,1966,TA,180,894,894,0,894,1
8930,6,1978,,0,0,1318,584,1902,2
8640,8,2009,Gd,936,1300,1314,0,1314,2
6240,4,1950,,0,0,672,240,912,0
1680,6,1971,TA,0,672,672,546,1218,0
7800,5,1964,TA,312,912,912,0,912,1
8250,5,1968,TA,250,952,1211,0,1211,1
10496,6,1950,TA,196,1040,1168,678,1846,1
10680,5,1951,TA,756,2136,2136,0,2136,2
15384,7,2005,Gd,724,788,788,702,1490,2
10482,6,1958,TA,507,588,1138,0,1138,1
14598,6,2007,Gd,0,894,894,1039,1933,3
8872,5,2008,TA,595,912,912,0,912,2
8769,9,2008,Ex,1540,1702,1702,0,1702,3
7910,5,1960,TA,666,1075,1507,0,1507,1
18890,5,1977,Gd,498,1361,1361,1259,2620,2
7728,5,1962,TA,803,1106,1190,0,1190,2
9842,4,1962,,0,0,1224,0,1224,2
12160,5,1959,TA,1000,1188,1188,0,1188,2
8525,5,1950,TA,0,940,1024,940,1964,0
13132,5,1950,Gd,0,747,892,892,1784,1
2628,7,2003,Gd,0,764,764,862,1626,2
12393,7,2005,Gd,0,847,847,1101,1948,2
13072,6,2005,Gd,0,1141,1141,0,1141,2
9037,8,2006,Gd,428,1476,1484,0,1484,2
8158,7,2003,Gd,550,884,884,884,1768,2
9849,7,2007,Gd,0,1689,1689,0,1689,3
10625,7,1974,Gd,885,1053,1173,0,1173,2
13891,10,2006,Ex,1386,2076,2076,0,2076,3
11435,8,1950,Gd,0,792,792,725,1517,2
12090,6,2003,Gd,0,585,1140,728,1868,2
8125,7,2006,Gd,0,756,756,797,1553,2
12328,6,1976,TA,539,1012,1034,0,1034,3
9600,6,1950,Gd,319,735,1134,924,2058,2
7200,5,1950,TA,534,876,988,0,988,1
11160,7,1968,TA,1065,2110,2110,0,2110,2
3136,7,2003,Gd,0,1405,1405,0,1405,2
9858,5,1968,TA,510,864,874,0,874,1
17542,7,2003,TA,125,1192,1516,651,2167,2
6931,7,2004,Gd,0,746,760,896,1656,2
6240,6,1950,TA,425,884,959,408,1367,1
14303,8,1994,Gd,1314,1986,1987,0,1987,2
4060,5,1950,Fa,0,864,864,0,864,0
9587,7,2005,Gd,655,856,1166,0,1166,2
9750,6,1969,Gd,602,1054,1054,0,1054,2
24682,6,1999,Gd,0,841,892,783,1675,2
9600,5,1956,TA,504,1050,1050,0,1050,1
11250,4,1989,TA,0,1104,1104,684,1788,1
13515,6,1950,TA,0,764,1060,764,1824,2
4060,6,1999,Gd,266,1405,1337,0,1337,2
3735,7,1999,Gd,450,691,713,739,1452,2
10120,7,1950,TA,0,925,964,925,1889,1
13214,9,2009,Ex,0,2002,2018,0,2018,3
14100,8,1997,TA,192,728,1968,1479,3447,3
11344,5,1958,TA,460,874,874,650,1524,1
23595,7,1979,Gd,1258,1332,1332,192,1524,2
9156,6,1968,TA,0,1489,1489,0,1489,2
13526,5,1965,TA,560,935,935,0,935,1
11512,6,2006,TA,719,1019,1357,0,1357,1
5362,5,2003,TA,0,661,661,589,1250,2
11345,5,1950,TA,220,928,928,992,1920,2
12936,6,1972,TA,593,723,735,660,1395,2
17871,6,1976,Gd,528,1680,1724,0,1724,2
9473,8,2002,Gd,804,1128,1128,903,2031,2
7500,4,1950,TA,0,698,698,430,1128,2
9808,7,2002,Gd,788,1573,1573,0,1573,2
8049,7,1990,Gd,1053,1309,1339,0,1339,2
8800,5,2008,Gd,532,1040,1040,0,1040,2
9400,6,1971,TA,0,912,912,912,1824,0
9638,6,1990,TA,0,804,1699,748,2447,1
6000,6,1950,TA,0,780,825,587,1412,1
9790,6,1963,TA,569,1328,1328,0,1328,2
36500,5,1964,TA,812,1624,1582,0,1582,2
5664,8,2000,Gd,1158,1501,1659,0,1659,2
11065,8,2006,Gd,0,1085,1120,850,1970,3
14112,5,1964,TA,1014,1152,1152,0,1152,2
1680,5,1972,TA,231,630,630,672,1302,1
6600,5,1965,TA,0,994,1378,994,2372,1
10140,7,1976,Gd,194,832,832,832,1664,2
8172,5,1990,TA,167,864,864,0,864,2
8400,5,1968,TA,1016,1052,1052,0,1052,1
8700,5,1963,TA,776,1120,1128,0,1128,2
3675,6,2006,Gd,547,547,1072,0,1072,2
63887,10,2008,Ex,5644,6110,4692,950,5642,2
7500,5,1994,TA,340,1246,1246,0,1246,1
10762,7,1999,Gd,694,978,1005,978,1983,2
7500,6,1950,TA,547,771,753,741,1494,1
10120,8,1994,Gd,740,1165,1203,1323,2526,3
8688,7,2005,Gd,0,1616,1616,0,1616,3
3363,7,2004,Gd,0,976,976,732,1708,2
13173,9,2007,Ex,1572,1652,1652,0,1652,2
6955,7,2006,Gd,0,1368,1368,0,1368,2
8072,5,1995,Gd,746,990,990,0,990,2
12000,5,2005,TA,144,924,1122,0,1122,2
7153,6,1991,Gd,1200,1278,1294,0,1294,2
17500,7,2002,Gd,1406,1902,1902,0,1902,2
8814,7,2007,Gd,925,1274,1274,0,1274,2
9572,8,1990,Ex,482,1453,1453,1357,2810,2
14774,9,1999,Gd,0,1393,1422,1177,2599,3
8190,4,1954,TA,732,948,948,0,948,1
11075,6,1969,Fa,500,952,1092,1020,2112,2
10226,8,2008,Ex,0,1622,1630,0,1630,3
4230,7,2007,Ex,0,1352,1352,0,1352,2
14781,8,2002,Gd,0,1753,1787,0,1787,3
10215,4,1954,TA,492,864,948,0,948,1
8400,6,1957,TA,189,1478,1478,0,1478,2
6627,3,1950,,0,0,720,0,720,1
10186,7,1992,Gd,674,750,1061,862,1923,2
5330,4,1950,TA,280,420,708,0,708,0
9986,8,2007,Ex,0,1795,1795,0,1795,3
3636,4,1950,TA,0,796,796,0,796,0
4270,3,2006,TA,544,544,774,0,774,0
6600,5,2008,TA,641,816,816,0,816,1
10440,6,1950,Gd,493,1510,1584,1208,2792,2
9084,7,1998,Gd,0,935,955,677,1632,2
10000,8,2006,Gd,0,1588,1588,0,1588,3
10780,5,1976,TA,483,911,954,0,954,2
8877,4,1958,TA,690,816,816,0,816,1
7200,5,1995,TA,0,803,803,557,1360,1
2368,5,1970,TA,765,765,765,600,1365,2
9650,6,1977,Gd,686,1350,1334,0,1334,2
9246,5,1973,TA,0,1656,1656,0,1656,2
4118,4,1950,TA,0,693,693,0,693,0
13450,7,2002,Gd,700,916,920,941,1861,2
9560,5,1972,TA,360,864,864,0,864,1
8294,4,1971,TA,0,858,872,0,872,4
13695,6,2004,Gd,814,1114,1114,0,1114,2
9375,8,2002,Gd,0,1284,1284,885,2169,2
7558,6,1950,TA,0,896,1172,741,1913,2
11103,7,2006,Gd,0,728,728,728,1456,2
6000,4,1950,TA,250,960,960,0,960,1
20781,7,2003,TA,297,1568,2156,0,2156,2
15306,8,2007,Ex,80,1732,1776,0,1776,3
16196,7,1998,Gd,1443,1482,1494,0,1494,2
5250,8,1987,TA,259,684,938,1215,2358,0
11643,5,1969,TA,500,1248,1338,1296,2634,4
9247,6,1962,TA,319,858,858,858,1716,2
6000,6,2000,TA,0,698,786,390,1176,2
14720,8,1996,Gd,816,2033,2053,1185,3238,3
10316,7,2000,Gd,735,992,992,873,1865,3
10192,7,1992,TA,0,570,1222,698,1920,2
9477,5,1966,TA,340,864,892,0,892,1
12537,5,2008,TA,734,1078,1078,0,1078,2
2117,6,2000,Gd,378,756,769,804,1573,2
16737,9,2005,Ex,1447,1980,1980,0,1980,3
9842,5,1998,TA,0,612,990,1611,2601,2
16158,7,2005,Ex,1274,1530,1530,0,1530,2
12513,4,2007,TA,0,715,1281,457,1738,1
8499,6,2007,Gd,0,616,616,796,1412,2
3180,7,2005,Gd,0,600,520,600,1200,2
7500,7,2000,Gd,533,814,814,860,1674,2
9179,7,1999,Gd,633,873,882,908,1790,2
2665,5,1977,TA,548,757,925,550,1475,1
4435,6,2004,Gd,685,848,848,0,848,2
10635,8,2003,Gd,370,1657,1668,0,1668,2
5400,4,1950,TA,315,840,840,534,1374,1
9600,6,1996,TA,831,992,1661,0,1661,1
9750,7,1998,Gd,975,1108,1108,989,2097,2
11400,10,2002,Ex,1282,2633,2633,0,2633,3
10625,7,2005,Gd,0,1026,1026,932,1958,3
10991,8,2007,Gd,0,1571,1571,0,1571,3
6292,6,1950,Gd,384,768,790,0,790,1
10998,5,1960,TA,408,984,984,620,1604,2
1953,6,1973,TA,309,483,483,504,987,1
9735,5,2007,Gd,0,384,754,640,1394,2
8212,3,1950,TA,203,864,864,0,864,1
12925,6,1970,TA,865,1205,2117,0,2117,2
7200,7,1950,Fa,0,596,998,764,1762,2
25339,5,2007,TA,0,816,1416,0,1416,2
9060,6,1950,TA,204,560,698,560,1258,1
5436,4,2007,TA,735,796,796,358,1154,1
16692,7,1978,Gd,790,1392,1392,1392,2784,2
8520,6,1950,TA,168,714,1664,862,2526,1
14892,9,2007,Ex,1320,1746,1746,0,1746,3
6000,6,1950,TA,375,735,869,349,1218,2
9100,7,2000,Gd,1400,1525,1525,0,1525,2
8944,5,1967,TA,0,1584,1584,0,1584,3
7838,5,1967,TA,769,864,900,0,900,1
10800,6,2000,Fa,0,482,1221,691,1912,2
4045,7,2006,Gd,1070,1356,1500,0,1500,3
12665,8,2006,Gd,0,1094,1133,1349,2482,3
57200,5,1950,TA,353,747,1687,0,1687,2
6120,5,2004,TA,0,939,939,574,1513,1
7200,5,1982,TA,180,1208,1136,768,1904,1
6171,6,1990,TA,264,976,1160,448,1608,1
6000,6,1950,TA,0,862,950,208,1158,1
7415,6,2004,TA,759,839,864,729,1593,2
6762,7,2006,Gd,0,1286,1294,0,1294,2
15256,8,2007,Gd,929,1485,1464,0,1464,3
10410,3,1950,TA,0,672,694,520,1214,3
3842,8,2005,Ex,1373,1594,1646,0,1646,2
8445,5,2007,Gd,656,768,768,0,768,2
8780,5,1985,TA,625,833,833,0,833,0
7740,4,1950,Fa,0,622,741,622,1363,2
20544,7,1991,Gd,0,791,1236,857,2093,2
12420,7,2001,Gd,666,944,944,896,1840,2
9600,6,2005,TA,120,856,1112,556,1668,1
7200,4,1950,,0,0,1040,0,1040,2
10994,8,2006,Gd,976,1844,1844,0,1844,2
13053,6,2000,TA,0,833,1053,795,1848,2
3635,7,2007,Gd,988,1386,1569,0,1569,3
11340,4,1950,TA,0,777,1246,1044,2290,2
16545,8,1998,Gd,781,1284,1310,1140,2450,3
9204,5,1963,TA,25,1144,1144,0,1144,1
16381,6,1969,TA,1110,1844,1844,0,1844,2
11700,6,1968,TA,404,708,708,708,1416,2
4043,6,1977,Gd,360,1069,1069,0,1069,2
4435,6,2003,Gd,686,848,848,0,848,2
19690,6,1966,Gd,0,697,1575,626,2201,2
9503,5,1983,TA,457,1024,1344,0,1344,1
10721,6,1959,TA,0,1252,1252,0,1252,2
10944,7,1994,Gd,1000,1223,1223,904,2127,2
10930,5,1950,TA,580,913,1048,510,1558,1
7200,5,1992,TA,510,788,804,0,804,1
12546,6,1981,Gd,678,1440,1440,0,1440,2
21930,5,2005,Gd,0,732,734,1104,1838,2
4928,6,1976,Gd,958,958,958,0,958,2
10800,4,2007,TA,0,656,968,0,968,1
10261,6,2000,Gd,0,936,962,830,1792,2
17400,5,1977,TA,936,1126,1126,0,1126,2
8400,6,2005,TA,0,1319,1537,0,1537,2
9000,4,1971,TA,616,864,864,0,864,2
12444,8,2008,Ex,1336,1932,1932,0,1932,3
7407,6,1996,TA,600,912,1236,0,1236,2
11584,7,1979,TA,315,539,1040,685,1725,2
11526,6,1994,Ex,0,588,1423,748,2555,2
4426,6,2004,Gd,697,848,848,0,848,2
11003,10,2008,Ex,765,1017,1026,981,2007,3
8854,6,1950,TA,0,952,952,0,952,1
8500,7,2004,Gd,0,1422,1422,0,1422,2
8400,6,1966,TA,187,814,913,0,913,1
26142,5,1962,TA,593,1188,1188,0,1188,1
10000,8,1996,Gd,1079,1220,1220,870,2090,2
11767,4,2000,Fa,0,560,796,550,1346,1
1533,5,1970,Gd,553,630,630,0,630,0
9000,5,1974,Gd,0,896,896,896,1792,0
9262,8,2009,Gd,0,1573,1578,0,1578,3
3675,5,2005,Gd,547,547,1072,0,1072,2
17217,5,2006,Gd,0,1140,1140,0,1140,0
7500,7,2005,Gd,410,1221,1221,0,1221,2
7917,6,2000,Gd,0,953,953,694,1647,2
13175,6,1988,Gd,790,1542,2073,0,2073,2
9042,7,2006,TA,275,1152,1188,1152,2340,1
9717,5,1996,TA,49,1078,1078,0,1078,1
9937,5,1965,TA,830,1256,1256,0,1256,1
